{
  "subj_1": {
    "subject_id": "subj_1",
    "age": 15,
    "sex": "M",
    "scanner": "Simulated-fMRI-3T",
    "eeg_device": "Simulated-EEG-32ch",
    "connectivity_file": "subj_1_connectivity.csv",
    "eeg_file_npy": "subj_1_eeg.npy",
    "eeg_file_csv_preview": "subj_1_eeg_sample.csv",
    "notes": "Synthetic example data for demonstration only"
  },
  "subj_2": {
    "subject_id": "subj_2",
    "age": 16,
    "sex": "F",
    "scanner": "Simulated-fMRI-3T",
    "eeg_device": "Simulated-EEG-32ch",
    "connectivity_file": "subj_2_connectivity.csv",
    "eeg_file_npy": "subj_2_eeg.npy",
    "eeg_file_csv_preview": "subj_2_eeg_sample.csv",
    "notes": "Synthetic example data for demonstration only"
  },
  "subj_3": {
    "subject_id": "subj_3",
    "age": 17,
    "sex": "M",
    "scanner": "Simulated-fMRI-3T",
    "eeg_device": "Simulated-EEG-32ch",
    "connectivity_file": "subj_3_connectivity.csv",
    "eeg_file_npy": "subj_3_eeg.npy",
    "eeg_file_csv_preview": "subj_3_eeg_sample.csv",
    "notes": "Synthetic example data for demonstration only"
  },
  "subj_4": {
    "subject_id": "subj_4",
    "age": 18,
    "sex": "F",
    "scanner": "Simulated-fMRI-3T",
    "eeg_device": "Simulated-EEG-32ch",
    "connectivity_file": "subj_4_connectivity.csv",
    "eeg_file_npy": "subj_4_eeg.npy",
    "eeg_file_csv_preview": "subj_4_eeg_sample.csv",
    "notes": "Synthetic example data for demonstration only"
  },
  "subj_5": {
    "subject_id": "subj_5",
    "age": 19,
    "sex": "M",
    "scanner": "Simulated-fMRI-3T",
    "eeg_device": "Simulated-EEG-32ch",
    "connectivity_file": "subj_5_connectivity.csv",
    "eeg_file_npy": "subj_5_eeg.npy",
    "eeg_file_csv_preview": "subj_5_eeg_sample.csv",
    "notes": "Synthetic example data for demonstration only"
  }
}